antecedent,consequent,weight,count,source_row,confidence
Hin=Dry AND Hout=Dry AND L=Low AND Solar=High AND CO2=Normal AND Wind=Medium AND N=Low AND W=3,Acceptable,0.3422021230899399,1,559,0.7847939036216653
Hin=Dry AND Hout=Dry AND L=Normal AND Solar=Normal AND Wind=Medium AND N=Normal AND E=Normal AND W=3,Acceptable,0.3880291255617379,1,958,0.7719380133350537
Hin=Dry AND Hout=Dry AND Solar=Normal AND CO2=Normal AND Wind=Medium AND N=Normal AND E=Normal AND W=0,Acceptable,0.4631653806634147,1,11,0.8578444064830929
Hin=Dry AND Hout=Normal AND L=Normal AND Solar=Low AND CO2=High AND Wind=Medium AND N=Low AND W=0,Poor,0.4382891681034271,1,31,0.9087069886461296
Hin=Normal AND Hout=Normal AND L=High AND Solar=Low AND CO2=Normal AND N=Normal AND E=High AND W=1,Poor,0.4398912139606609,1,80,0.9723334210149892
Hin=Normal AND Hout=Normal AND L=High AND Solar=Low AND CO2=Normal AND N=Normal AND E=Normal AND W=1,Acceptable,0.4279348200827344,1,135,0.8974550620497289
Hin=Normal AND Hout=Normal AND L=High AND Solar=Low AND CO2=Normal AND Wind=Medium AND E=High AND W=2,Poor,0.3773946360153258,1,558,0.9999999999981686
Hin=Normal AND Hout=Normal AND L=High AND Solar=Normal AND CO2=Normal AND Wind=Medium AND N=Normal AND W=0,Acceptable,0.4810703897285107,1,1174,0.9110473399126522
Hin=Normal AND Hout=Normal AND L=Low AND CO2=Low AND Wind=Medium AND N=High AND E=Low AND W=3,Acceptable,0.4107565445486801,1,1025,0.8961764268550486
Hin=Normal AND Hout=Normal AND L=Low AND Solar=High AND CO2=High AND Wind=Medium AND N=Normal AND W=3,Acceptable,0.4426960432168499,1,443,0.5034155191814993
Hin=Normal AND Hout=Normal AND L=Low AND Solar=High AND CO2=Normal AND Wind=Low AND E=High AND W=3,Acceptable,0.3932925461229098,1,139,0.9999999999992968
Hin=Normal AND Hout=Normal AND L=Low AND Solar=High AND Wind=Low AND N=Normal AND E=Low AND W=3,Good,0.5513594772711643,1,2,0.9275672335258588
Hin=Normal AND Hout=Normal AND L=Low AND Solar=High AND Wind=Medium AND N=High AND E=Normal AND W=3,Good,0.4211229563313982,1,1176,0.7880766198081671
Hin=Normal AND Hout=Normal AND L=Low AND Solar=Normal AND CO2=High AND Wind=Medium AND N=Low AND W=3,Acceptable,0.4073535294910712,1,66,0.7754335719772557
Hin=Normal AND Hout=Normal AND L=Low AND Solar=Normal AND CO2=Normal AND Wind=Medium AND E=Normal AND W=3,Acceptable,0.3600729821443305,1,1518,0.287683437174533
Hin=Normal AND Hout=Normal AND L=Normal AND CO2=Normal AND Wind=Medium AND N=Normal AND E=Normal AND W=0,Acceptable,0.3492591028109878,1,414,0.8715314955606014
Hin=Normal AND Hout=Normal AND L=Normal AND Solar=Normal AND CO2=Normal AND Wind=Medium AND N=High AND W=0,Acceptable,0.4509007059640627,1,1411,0.8234220862797279
Hin=Normal AND Hout=Normal AND L=Normal AND Solar=Normal AND Wind=Medium AND N=Low AND E=High AND W=3,Acceptable,0.3473852763623821,1,1666,0.7641323354468457
Hin=Normal AND Hout=Normal AND Solar=Low AND CO2=Normal AND Wind=Low AND N=Low AND E=Normal AND W=3,Acceptable,0.3625827706879077,1,1464,0.7603722485063896
Hin=Normal AND Hout=Normal AND Solar=Low AND CO2=Normal AND Wind=Medium AND N=Low AND E=Normal AND W=0,Acceptable,0.3503382766344813,1,754,0.8305916958346329
Hin=Normal AND Hout=Normal AND Solar=Normal AND CO2=High AND Wind=Medium AND N=Low AND E=Normal AND W=3,Acceptable,0.3844965020612395,1,1108,0.5471866122929974
Hin=Normal AND Hout=Normal AND Solar=Normal AND CO2=Normal AND Wind=Medium AND N=Normal AND E=Normal AND W=1,Poor,0.3877436126134921,1,1099,0.3564839343984268
Hin=Normal AND Hout=Wet AND L=Normal AND Solar=Low AND Wind=Medium AND N=High AND E=Normal AND W=1,Acceptable,0.4498973881736089,1,1074,0.8227890007928287
Hin=Normal AND Hout=Wet AND L=Normal AND Solar=Low AND Wind=Medium AND N=Normal AND E=High AND W=0,Poor,0.3848620426525563,1,850,0.9999999999870616
Hin=Normal AND L=High AND Solar=Low AND CO2=Low AND Wind=Low AND N=High AND E=Normal AND W=3,Acceptable,0.4451799401210845,1,1339,0.9999999999979317
Hin=Normal AND L=Normal AND Solar=Low AND CO2=High AND Wind=Medium AND N=Low AND E=Normal AND W=1,Acceptable,0.3531819348100384,1,1726,0.3536427144471261
Hin=Wet AND Hout=Wet AND L=Low AND Solar=High AND CO2=Normal AND Wind=Medium AND N=Normal AND W=3,Good,0.3833986931374841,1,470,0.365940884770583
Hin=Wet AND Hout=Wet AND L=Normal AND Solar=Low AND Wind=Low AND N=High AND E=Normal AND W=1,Acceptable,0.434597138068918,1,72,0.997958351336646
Hin=Wet AND Hout=Wet AND L=Normal AND Solar=Low AND Wind=Medium AND N=High AND E=Normal AND W=1,Poor,0.4769862268280918,1,1008,0.2757714790905463
Hin=Wet AND Hout=Wet AND L=Normal AND Solar=Normal AND CO2=Normal AND Wind=Medium AND N=High AND W=0,Poor,0.5325596764756699,1,1070,0.6001221601979222
Hout=Dry AND L=Normal AND Solar=Low AND CO2=Normal AND Wind=Medium AND N=High AND E=Normal AND W=0,Acceptable,0.4395834489727578,1,234,0.9792427814880847
Hout=Normal AND L=Normal AND Solar=Low AND CO2=Normal AND Wind=Medium AND N=High AND E=Normal AND W=0,Acceptable,0.4584077641052924,1,483,0.9649696366717908
Hout=Normal AND L=Normal AND Solar=Normal AND CO2=Normal AND Wind=Medium AND N=Normal AND E=Normal AND W=0,Acceptable,0.384300788155339,1,1235,0.847100553334293
Tin=Cold AND Hin=Dry AND Hout=Dry AND L=Low AND CO2=Normal AND Wind=Medium AND E=Normal AND W=3,Poor,0.4731800766283526,1,593,0.8108198997209967
Tin=Cold AND Hin=Dry AND Hout=Normal AND L=Normal AND Solar=Normal AND Wind=Medium AND N=Normal AND W=3,Poor,0.3859540272639616,1,127,0.7737547885089128
Tin=Cold AND Hin=Normal AND Hout=Normal AND CO2=Normal AND Wind=Medium AND N=Normal AND E=Normal AND W=1,Poor,0.4788219562652568,1,531,0.8806488843938026
Tin=Cold AND Hin=Normal AND Hout=Normal AND L=Low AND CO2=Normal AND N=Low AND E=Normal AND W=3,Poor,0.3960202776606257,1,1254,0.7062650135285211
Tin=Cold AND Hin=Normal AND Hout=Normal AND L=Normal AND Solar=Low AND CO2=Low AND Wind=Medium AND W=1,Poor,0.4162032197239707,1,924,0.9314033425026176
Tin=Cold AND Hin=Normal AND Hout=Normal AND L=Normal AND Solar=Low AND N=Normal AND E=High AND W=2,Poor,0.4671356299462585,1,1124,0.999999999995309
Tin=Cold AND Hin=Normal AND Hout=Normal AND L=Normal AND Solar=Low AND Wind=Low AND E=Normal AND W=1,Poor,0.4006939539806503,1,1183,0.6679713971098458
Tin=Cold AND Hin=Normal AND Hout=Normal AND L=Normal AND Solar=Normal AND CO2=Normal AND Wind=Low AND W=3,Poor,0.4279082258364604,1,1614,0.4627081073312514
Tin=Cold AND Hin=Normal AND L=Normal AND Solar=Low AND CO2=Normal AND Wind=High AND E=Normal AND W=2,Poor,0.5167404860432353,1,192,0.9999999999988324
Tin=Cold AND Hin=Normal AND L=Normal AND Solar=Low AND Wind=Medium AND N=Normal AND E=Normal AND W=3,Acceptable,0.5293865726811088,1,289,0.9811630437407546
Tin=Cold AND Hin=Wet AND Hout=Wet AND L=High AND Solar=Low AND CO2=Normal AND Wind=Medium AND W=1,Poor,0.4792682174574195,1,825,0.9763432887886824
Tin=Cold AND Hout=Normal AND L=Normal AND Solar=Normal AND CO2=High AND Wind=Medium AND N=Normal AND W=3,Poor,0.4110844947583645,1,837,0.8471564050378498
Tin=Cold AND Hout=Wet AND L=Normal AND Solar=Normal AND CO2=Low AND N=High AND E=Normal AND W=0,Poor,0.5264128667569693,1,1400,0.9999999999874376
Tin=Cold AND Tout=Cold AND Hin=Normal AND L=High AND Solar=Low AND CO2=Normal AND N=Low AND W=1,Poor,0.4628387830172555,1,828,0.9999999999990214
Tin=Cold AND Tout=Cold AND Hin=Normal AND L=Low AND Solar=High AND CO2=Normal AND E=Normal AND W=3,Acceptable,0.3527086859150868,1,1480,0.7179178734844696
Tin=Cold AND Tout=Cold AND Hin=Normal AND Solar=Normal AND CO2=Normal AND Wind=Low AND N=Low AND W=3,Poor,0.5523749726897227,1,1373,0.9590589449239212
Tin=Cold AND Tout=Cold AND Hout=Dry AND L=Normal AND Solar=Low AND CO2=Normal AND Wind=Medium AND W=3,Acceptable,0.436781609195402,1,949,0.9999999999879284
Tin=Cold AND Tout=Cold AND L=Normal AND Solar=Normal AND CO2=Normal AND Wind=Medium AND E=Normal AND W=0,Poor,0.4629614147806409,1,532,0.9244601444430812
Tin=Cold AND Tout=Normal AND Hin=Dry AND Hout=Dry AND L=Low AND CO2=Normal AND N=Normal AND W=3,Poor,0.3365878066960143,1,823,0.9183407435746652
Tin=Cold AND Tout=Normal AND Hin=Dry AND L=Normal AND Solar=Normal AND N=Low AND E=Normal AND W=3,Poor,0.3501116152988714,1,263,0.843060055463994
Tin=Cold AND Tout=Normal AND Hin=Normal AND Hout=Normal AND L=Low AND N=Normal AND E=Normal AND W=3,Poor,0.5257761217899215,1,318,0.5370743705492752
Tin=Cold AND Tout=Normal AND Hin=Normal AND Hout=Normal AND L=Normal AND CO2=Normal AND Wind=Medium AND W=3,Acceptable,0.5480086674398579,1,203,0.6012767110496797
Tin=Cold AND Tout=Normal AND Hin=Normal AND Hout=Normal AND L=Normal AND Solar=Normal AND N=Low AND W=1,Poor,0.3473659671844797,1,1440,0.7833063216923284
Tin=Cold AND Tout=Normal AND Hin=Normal AND Hout=Normal AND L=Normal AND Wind=High AND E=Normal AND W=1,Poor,0.4020504329107422,1,308,0.8553121884120757
Tin=Cold AND Tout=Normal AND Hin=Normal AND Hout=Normal AND L=Normal AND Wind=Low AND N=Low AND W=3,Acceptable,0.4391779850845796,1,826,0.7950660135192649
Tin=Cold AND Tout=Normal AND Hin=Normal AND Hout=Normal AND Solar=High AND CO2=Normal AND N=Normal AND W=3,Acceptable,0.3558858998514824,1,534,0.5503429083961429
Tin=Cold AND Tout=Normal AND Hin=Normal AND Hout=Normal AND Solar=Low AND CO2=Normal AND Wind=Low AND W=3,Poor,0.3773946360153254,1,222,0.7562067450188648
Tin=Cold AND Tout=Normal AND Hin=Normal AND Hout=Wet AND Solar=Low AND CO2=Normal AND N=Low AND W=1,Poor,0.3445279717945996,1,382,0.9137057867243092
Tin=Cold AND Tout=Normal AND Hin=Normal AND Hout=Wet AND Solar=Normal AND CO2=Normal AND N=Low AND W=3,Poor,0.3861426797501993,1,332,0.4560044159615111
Tin=Cold AND Tout=Normal AND Hin=Normal AND L=Normal AND CO2=Normal AND Wind=Medium AND E=Normal AND W=1,Poor,0.3385472899829632,1,736,0.8561968086717926
Tin=Cold AND Tout=Normal AND Hin=Normal AND Solar=Low AND CO2=High AND Wind=High AND N=Low AND W=1,Poor,0.3913341439890599,1,1219,0.999999999998036
Tin=Cold AND Tout=Normal AND Hin=Normal AND Solar=Normal AND CO2=Low AND Wind=Low AND N=Normal AND W=3,Poor,0.3674510773478893,1,990,0.433061920591168
Tin=Cold AND Tout=Normal AND Hin=Normal AND Solar=Normal AND CO2=Normal AND Wind=Medium AND E=Normal AND W=3,Acceptable,0.3366891191327501,1,295,0.6114712906588432
Tin=Cold AND Tout=Normal AND Hin=Wet AND Hout=Wet AND Solar=Low AND Wind=Medium AND E=Normal AND W=2,Poor,0.3526685589298159,1,411,0.9999999999978076
Tin=Cold AND Tout=Normal AND Hin=Wet AND Hout=Wet AND Wind=Medium AND N=Normal AND E=Normal AND W=1,Poor,0.3939720234359189,1,1429,0.8954965480649738
Tin=Cold AND Tout=Normal AND Hout=Normal AND L=Normal AND Solar=Normal AND CO2=Low AND Wind=Medium AND W=0,Poor,0.3773946360153258,1,264,0.5498742231662996
Tin=Cold AND Tout=Normal AND Hout=Wet AND Solar=Normal AND Wind=Low AND N=Low AND E=Low AND W=3,Acceptable,0.4786668166657922,1,313,0.9580600518038076
Tin=Hot AND Hin=Dry AND Hout=Dry AND L=Normal AND Solar=Low AND Wind=Medium AND N=High AND W=3,Poor,0.4712230537719842,1,1005,0.998195099917588
Tin=Hot AND Hin=Normal AND Hout=Dry AND L=Low AND Solar=Normal AND CO2=Normal AND N=Normal AND W=3,Poor,0.3463808358310896,1,652,0.8970452467804055
Tin=Hot AND Hin=Normal AND Hout=Normal AND L=Normal AND Solar=Normal AND Wind=Medium AND E=High AND W=3,Acceptable,0.3468922912046755,1,913,0.99999999999728
Tin=Hot AND Hin=Normal AND L=Normal AND CO2=Normal AND Wind=Low AND N=High AND E=High AND W=0,Poor,0.5190080495580247,1,759,0.999999999997122
Tin=Hot AND Hout=Normal AND L=Normal AND CO2=Normal AND Wind=Medium AND N=Low AND E=Normal AND W=0,Poor,0.3523255786993358,1,132,0.7176300214134971
Tin=Hot AND Hout=Wet AND L=High AND Solar=Low AND Wind=High AND N=Low AND E=High AND W=2,Poor,0.4062946700934182,1,684,0.9999999999967
Tin=Hot AND L=Low AND Solar=Normal AND CO2=Normal AND Wind=Medium AND N=Normal AND E=Low AND W=3,Acceptable,0.4057539969658134,1,505,0.7907319482103977
Tin=Hot AND Tout=Hot AND Hin=Wet AND L=Normal AND Solar=Normal AND N=High AND E=Normal AND W=0,Acceptable,0.3785688590314227,1,100,0.2719849161866723
Tin=Hot AND Tout=Normal AND Hin=Normal AND Hout=Normal AND L=Low AND Wind=Low AND N=High AND W=3,Acceptable,0.3498951076605525,1,1684,0.8467136342214828
Tin=Hot AND Tout=Normal AND Hin=Normal AND Hout=Normal AND L=Normal AND Solar=Low AND Wind=Low AND W=1,Poor,0.3523656238219606,1,1248,0.6951856322433037
Tin=Hot AND Tout=Normal AND Hin=Normal AND Hout=Normal AND L=Normal AND Solar=Normal AND CO2=Normal AND W=3,Acceptable,0.3950788751943954,1,42,0.6483078176528018
Tin=Hot AND Tout=Normal AND Hin=Normal AND Hout=Normal AND L=Normal AND Wind=Medium AND N=Normal AND W=1,Poor,0.4236452419129148,1,881,0.8457503842918632
Tin=Hot AND Tout=Normal AND Hin=Normal AND Hout=Normal AND Solar=Low AND CO2=Normal AND N=Normal AND W=3,Acceptable,0.3486119472495699,1,224,0.9789505754787788
Tin=Hot AND Tout=Normal AND Hin=Normal AND Hout=Normal AND Solar=Normal AND Wind=Low AND E=Normal AND W=3,Acceptable,0.3888581730215206,1,435,0.8229358306703453
Tin=Hot AND Tout=Normal AND Hin=Normal AND L=Normal AND CO2=Normal AND Wind=Medium AND N=Low AND W=1,Poor,0.3421757665796295,1,738,0.7043964855540642
Tin=Hot AND Tout=Normal AND Hin=Normal AND Solar=Normal AND Wind=Low AND N=Low AND E=High AND W=0,Poor,0.3829105584255267,1,617,0.999999999990688
Tin=Hot AND Tout=Normal AND Hout=Normal AND L=Normal AND Wind=Medium AND N=High AND E=Normal AND W=0,Acceptable,0.4219553918434484,1,1253,0.4614111424913306
Tin=Hot AND Tout=Normal AND L=Low AND Solar=High AND CO2=Low AND N=Normal AND E=Low AND W=3,Poor,0.4005227825689295,1,1651,0.9994524450788717
Tin=Hot AND Tout=Normal AND L=Low AND Solar=High AND CO2=Normal AND Wind=Medium AND N=Normal AND W=3,Acceptable,0.3827717404657785,1,54,0.6266367665581103
Tin=Hot AND Tout=Normal AND L=Normal AND CO2=Low AND Wind=Medium AND N=High AND E=Normal AND W=1,Acceptable,0.4074087552107552,1,405,0.4064667390754136
Tin=Hot AND Tout=Normal AND Solar=Low AND CO2=Normal AND Wind=Medium AND N=High AND E=Normal AND W=1,Poor,0.368726454843558,1,1121,0.8432339906313572
Tin=Normal AND Hin=Dry AND Hout=Dry AND L=Low AND CO2=Normal AND N=Low AND E=Normal AND W=3,Acceptable,0.4615692200147027,1,698,0.7914535964723737
Tin=Normal AND Hin=Dry AND Hout=Dry AND L=Normal AND CO2=Normal AND Wind=Low AND N=High AND W=3,Acceptable,0.7441518232958071,1,1534,0.9992492016520512
Tin=Normal AND Hin=Dry AND Hout=Dry AND L=Normal AND CO2=Normal AND Wind=Low AND N=Low AND W=3,Acceptable,0.3553714737211895,1,1206,0.5562906588765333
Tin=Normal AND Hin=Dry AND Hout=Dry AND L=Normal AND Solar=Low AND CO2=Normal AND N=Normal AND W=1,Poor,0.3723426455275533,1,485,0.9743340693445636
Tin=Normal AND Hin=Dry AND Hout=Dry AND L=Normal AND Solar=Normal AND CO2=Normal AND E=Normal AND W=3,Acceptable,0.4020395717550797,1,1704,0.7674097408260856
Tin=Normal AND Hin=Normal AND Hout=Normal AND CO2=High AND Wind=Medium AND N=Normal AND E=Normal AND W=0,Acceptable,0.3936360428128947,1,207,0.9479385162397986
Tin=Normal AND Hin=Normal AND Hout=Normal AND CO2=Low AND Wind=Low AND N=Low AND E=Normal AND W=3,Good,0.3895218165525736,1,51,0.9999999999972218
Tin=Normal AND Hin=Normal AND Hout=Normal AND CO2=Normal AND Wind=Medium AND N=High AND E=Normal AND W=3,Good,0.4812688496523044,1,1471,0.6913228373088992
Tin=Normal AND Hin=Normal AND Hout=Normal AND L=High AND CO2=Low AND Wind=Medium AND E=Normal AND W=1,Poor,0.3773946360153254,1,794,0.7501797096168431
Tin=Normal AND Hin=Normal AND Hout=Normal AND L=High AND Solar=Low AND CO2=Normal AND E=Normal AND W=2,Poor,0.3696275961267605,1,27,0.8985859609430872
Tin=Normal AND Hin=Normal AND Hout=Normal AND L=Low AND CO2=Normal AND Wind=Low AND N=Low AND W=3,Good,0.3822996708946289,2,1382,0.8238475409327863
Tin=Normal AND Hin=Normal AND Hout=Normal AND L=Low AND CO2=Normal AND Wind=Medium AND N=Low AND W=3,Good,0.4356646434866943,1,45,0.9200011431139812
Tin=Normal AND Hin=Normal AND Hout=Normal AND L=Low AND Solar=High AND CO2=Normal AND E=Normal AND W=3,Good,0.3626281312215351,1,5,0.8848187725394983
Tin=Normal AND Hin=Normal AND Hout=Normal AND L=Low AND Solar=High AND CO2=Normal AND N=High AND W=3,Good,0.5656010634994694,1,59,0.8696209259196768
Tin=Normal AND Hin=Normal AND Hout=Normal AND L=Low AND Solar=Normal AND CO2=Normal AND Wind=Low AND W=0,Acceptable,0.3773946360153258,1,1353,0.997808550654981
Tin=Normal AND Hin=Normal AND Hout=Normal AND L=Low AND Wind=Low AND N=High AND E=Normal AND W=3,Good,0.3346822438213531,1,1698,0.8840300448731246
Tin=Normal AND Hin=Normal AND Hout=Normal AND L=Normal AND CO2=Normal AND N=Low AND E=Normal AND W=3,Acceptable,0.3659585212586774,1,1114,0.3053597875516844
Tin=Normal AND Hin=Normal AND Hout=Normal AND L=Normal AND CO2=Normal AND Wind=High AND E=Normal AND W=1,Acceptable,0.5384538145912666,1,464,0.9520252078598428
Tin=Normal AND Hin=Normal AND Hout=Normal AND L=Normal AND CO2=Normal AND Wind=Low AND E=High AND W=0,Acceptable,0.4215684163715142,1,1768,0.8712342917819236
Tin=Normal AND Hin=Normal AND Hout=Normal AND L=Normal AND CO2=Normal AND Wind=Low AND E=Normal AND W=3,Good,0.3902187901949372,1,1182,0.7630961705824552
Tin=Normal AND Hin=Normal AND Hout=Normal AND L=Normal AND CO2=Normal AND Wind=Medium AND E=Normal AND W=0,Acceptable,0.553059860478154,2,147,0.9025617217874392
Tin=Normal AND Hin=Normal AND Hout=Normal AND L=Normal AND Solar=Low AND CO2=Normal AND N=Low AND W=1,Poor,0.536572994553427,1,539,0.2806877963453003
Tin=Normal AND Hin=Normal AND Hout=Normal AND L=Normal AND Solar=Normal AND CO2=High AND E=Normal AND W=3,Acceptable,0.4622363417604603,1,1695,0.5957004580352863
Tin=Normal AND Hin=Normal AND Hout=Normal AND L=Normal AND Solar=Normal AND N=Low AND E=Normal AND W=3,Good,0.4639803006298057,1,246,0.7102983010844007
Tin=Normal AND Hin=Normal AND Hout=Normal AND L=Normal AND Solar=Normal AND Wind=Low AND N=High AND W=3,Acceptable,0.348024136190453,1,1612,0.3856211674196047
Tin=Normal AND Hin=Normal AND Hout=Normal AND L=Normal AND Solar=Normal AND Wind=Medium AND N=Low AND W=0,Acceptable,0.5278760254340492,1,1732,0.8446071668285797
Tin=Normal AND Hin=Normal AND Hout=Normal AND L=Normal AND Wind=Low AND N=Low AND E=Normal AND W=0,Acceptable,0.3978423686573594,1,1499,0.8875691652029113
Tin=Normal AND Hin=Normal AND Hout=Normal AND L=Normal AND Wind=Medium AND N=Normal AND E=Normal AND W=0,Acceptable,0.3773946360153258,1,110,0.9216996137650032
Tin=Normal AND Hin=Normal AND Hout=Normal AND Solar=High AND CO2=Normal AND Wind=Low AND E=Normal AND W=3,Good,0.3743270483254731,1,267,0.8692227477406966
Tin=Normal AND Hin=Normal AND Hout=Normal AND Solar=Low AND CO2=Normal AND Wind=Medium AND E=Normal AND W=1,Acceptable,0.559549104332851,1,374,0.8882445618490356
Tin=Normal AND Hin=Normal AND Hout=Normal AND Solar=Normal AND Wind=Low AND N=Low AND E=Normal AND W=0,Acceptable,0.3705493562891648,1,635,0.9158121967734264
Tin=Normal AND Hin=Normal AND Hout=Normal AND Solar=Normal AND Wind=Medium AND N=Low AND E=Normal AND W=0,Acceptable,0.3602704622322911,1,1272,0.894748278100577
Tin=Normal AND Hin=Normal AND L=High AND Solar=Low AND CO2=Normal AND N=Low AND E=High AND W=2,Poor,0.4248705356681754,1,863,0.999999999997246
Tin=Normal AND Hin=Normal AND L=High AND Solar=Low AND Wind=Medium AND N=Low AND E=High AND W=1,Poor,0.3809796338127711,1,739,0.9304888756396962
Tin=Normal AND Hin=Normal AND L=Low AND Solar=High AND Wind=Low AND N=High AND E=Normal AND W=3,Good,0.3742787864665919,1,1385,0.9096086510404572
Tin=Normal AND Hin=Normal AND L=Normal AND CO2=Low AND Wind=Medium AND N=High AND E=Normal AND W=0,Acceptable,0.4493606959156891,1,816,0.9924726001030696
Tin=Normal AND Hin=Normal AND L=Normal AND Solar=Low AND CO2=Normal AND Wind=High AND N=High AND W=2,Poor,0.3770191198810834,1,153,0.9999999999974508
Tin=Normal AND Hin=Normal AND L=Normal AND Solar=Low AND Wind=Medium AND N=Normal AND E=Normal AND W=1,Acceptable,0.3716480097330858,1,316,0.9190832592199992
Tin=Normal AND Hin=Normal AND L=Normal AND Solar=Normal AND CO2=Low AND Wind=Medium AND E=High AND W=0,Poor,0.4014494816065777,1,1355,0.2248416092560991
Tin=Normal AND Hin=Normal AND L=Normal AND Solar=Normal AND CO2=Normal AND N=Normal AND E=Normal AND W=3,Good,0.4731800766283523,1,106,0.7160578599535083
Tin=Normal AND Hin=Normal AND L=Normal AND Solar=Normal AND Wind=Low AND N=High AND E=Normal AND W=3,Good,0.4811491432098929,1,1619,0.6448911134374782
Tin=Normal AND Hin=Normal AND Solar=Low AND CO2=Normal AND Wind=Medium AND N=Normal AND E=High AND W=0,Acceptable,0.3689371963664937,1,1087,0.9050752365746904
Tin=Normal AND Hin=Wet AND Hout=Wet AND L=Low AND Solar=High AND CO2=Low AND N=Low AND W=3,Good,0.4190632764278342,1,262,0.9999999999970216
Tin=Normal AND Hin=Wet AND Hout=Wet AND Solar=Low AND CO2=High AND Wind=Medium AND E=Normal AND W=1,Acceptable,0.3773946360153258,1,20,0.1735130420865955
Tin=Normal AND Hin=Wet AND L=Low AND Solar=High AND CO2=Normal AND Wind=Medium AND N=High AND W=3,Acceptable,0.3899995082652276,1,1632,0.4390116252949773
Tin=Normal AND Hin=Wet AND L=Normal AND Solar=Low AND CO2=Low AND N=High AND E=Normal AND W=0,Acceptable,0.3385540018244695,1,1163,0.8076087834489868
Tin=Normal AND Hout=Dry AND L=Normal AND Solar=Normal AND CO2=Normal AND Wind=Low AND N=Low AND W=3,Good,0.5554142560581272,1,1142,0.6063394960951799
Tin=Normal AND Hout=Dry AND Solar=Normal AND CO2=Normal AND Wind=High AND N=Low AND E=Normal AND W=0,Acceptable,0.3592127252639682,1,161,0.9999999999809436
Tin=Normal AND Hout=Normal AND L=High AND Solar=Low AND CO2=High AND N=High AND E=Normal AND W=1,Acceptable,0.4372284016882861,1,770,0.9736616993452883
Tin=Normal AND Hout=Normal AND L=Low AND Solar=High AND Wind=Medium AND N=High AND E=Normal AND W=3,Good,0.3452783937331085,1,645,0.7907700344724248
Tin=Normal AND Hout=Normal AND L=Normal AND CO2=Normal AND Wind=Medium AND N=High AND E=Normal AND W=0,Acceptable,0.4568067711366588,2,1578,0.9438383099024212
Tin=Normal AND Hout=Normal AND L=Normal AND Solar=Low AND CO2=Normal AND Wind=Medium AND E=High AND W=1,Poor,0.3472998641988699,1,960,0.9280832337295148
Tin=Normal AND Hout=Normal AND L=Normal AND Solar=Low AND Wind=Medium AND N=Low AND E=Normal AND W=1,Acceptable,0.3821161824465747,1,460,0.8017866039639743
Tin=Normal AND Hout=Normal AND L=Normal AND Solar=Normal AND CO2=Normal AND N=Normal AND E=Normal AND W=3,Good,0.3429636240468169,1,915,0.7180913685067202
Tin=Normal AND Hout=Normal AND L=Normal AND Solar=Normal AND Wind=Low AND N=Normal AND E=Normal AND W=0,Acceptable,0.5534815537346159,1,15,0.944282380203748
Tin=Normal AND Hout=Normal AND L=Normal AND Solar=Normal AND Wind=Medium AND N=Low AND E=Normal AND W=0,Acceptable,0.4241964134233999,1,1208,0.8828030326183204
Tin=Normal AND Hout=Normal AND Solar=Low AND CO2=Low AND Wind=Low AND N=Normal AND E=Normal AND W=0,Acceptable,0.3714778202195093,1,327,0.9826566538399456
Tin=Normal AND Hout=Normal AND Solar=Low AND CO2=Normal AND Wind=High AND N=High AND E=Normal AND W=2,Poor,0.3396112273198253,1,616,0.9999999999967516
Tin=Normal AND Hout=Normal AND Solar=Low AND CO2=Normal AND Wind=Medium AND N=Low AND E=High AND W=2,Poor,0.4303515044548908,1,1251,0.9999999999975432
Tin=Normal AND Hout=Normal AND Solar=Normal AND CO2=Normal AND Wind=Low AND N=High AND E=Normal AND W=3,Good,0.4969518190108273,1,178,0.7803096596621198
Tin=Normal AND Hout=Wet AND L=High AND Solar=Low AND CO2=Normal AND N=Low AND E=Normal AND W=3,Acceptable,0.3961954252608525,1,1490,0.9848369543864592
Tin=Normal AND Hout=Wet AND L=High AND Solar=Low AND CO2=Normal AND Wind=High AND N=High AND W=2,Poor,0.3750681737937714,1,61,0.9999999999945604
Tin=Normal AND Hout=Wet AND L=Normal AND CO2=Low AND Wind=Medium AND N=High AND E=Normal AND W=0,Acceptable,0.4638521948207198,1,1228,0.9437365209448162
Tin=Normal AND Hout=Wet AND L=Normal AND Solar=Low AND CO2=High AND Wind=High AND N=Low AND W=2,Poor,0.586485683779774,1,1351,0.9999999999989732
Tin=Normal AND Hout=Wet AND L=Normal AND Solar=Low AND CO2=Normal AND N=High AND E=Normal AND W=2,Poor,0.4149101076706802,1,707,0.8203999731450552
Tin=Normal AND L=Low AND Solar=High AND CO2=Normal AND Wind=Medium AND N=Normal AND E=Normal AND W=3,Good,0.4664033284704978,1,628,0.8328979329163795
Tin=Normal AND L=Normal AND Solar=Low AND CO2=Normal AND Wind=Medium AND N=High AND E=High AND W=2,Poor,0.3513000648414798,1,1336,0.999999999997672
Tin=Normal AND L=Normal AND Solar=Low AND CO2=Normal AND Wind=Medium AND N=High AND E=Normal AND W=2,Acceptable,0.3784141814313872,1,188,0.4886278620574383
Tin=Normal AND L=Normal AND Solar=Normal AND CO2=Low AND Wind=Medium AND N=Normal AND E=Normal AND W=0,Acceptable,0.3509605001386142,1,1720,0.9300401716268406
Tin=Normal AND L=Normal AND Solar=Normal AND CO2=Normal AND Wind=Medium AND N=Normal AND E=Normal AND W=3,Good,0.3384366592844676,1,1350,0.6203496534122694
Tin=Normal AND Tout=Cold AND Hin=Normal AND CO2=Normal AND Wind=Low AND N=Low AND E=Normal AND W=0,Acceptable,0.335600820911124,1,118,0.9999999999967304
Tin=Normal AND Tout=Cold AND Hin=Normal AND Hout=Normal AND CO2=Normal AND Wind=Medium AND N=Normal AND W=3,Good,0.4581762811202682,1,1528,0.3892432478200587
Tin=Normal AND Tout=Cold AND Hin=Normal AND Hout=Normal AND L=Low AND Solar=Normal AND E=High AND W=3,Acceptable,0.4003562184842556,1,337,0.9999999999989078
Tin=Normal AND Tout=Cold AND Hin=Normal AND Hout=Normal AND L=Normal AND CO2=Normal AND N=Low AND W=1,Acceptable,0.3658858759131481,1,455,0.2656348553356425
Tin=Normal AND Tout=Cold AND Hin=Normal AND Hout=Normal AND L=Normal AND Solar=Normal AND Wind=Medium AND W=3,Acceptable,0.400882665541265,1,584,0.7878541283575107
Tin=Normal AND Tout=Cold AND Hin=Normal AND Hout=Normal AND Solar=Normal AND CO2=Low AND Wind=Low AND W=0,Acceptable,0.3407181450588698,1,495,0.999999999997159
Tin=Normal AND Tout=Cold AND Hin=Normal AND Hout=Normal AND Solar=Normal AND CO2=Normal AND N=Normal AND W=0,Acceptable,0.3686774017317406,1,29,0.7952146610408815
Tin=Normal AND Tout=Cold AND Hin=Normal AND L=Low AND Solar=Normal AND CO2=Normal AND Wind=Medium AND W=0,Acceptable,0.3663213930244158,1,183,0.9778139959773116
Tin=Normal AND Tout=Cold AND Hin=Normal AND L=Normal AND CO2=Low AND Wind=Low AND N=Low AND W=0,Acceptable,0.4381481381446027,1,487,0.9999999999968572
Tin=Normal AND Tout=Cold AND Hin=Normal AND Solar=Normal AND CO2=Normal AND Wind=Medium AND N=High AND W=3,Acceptable,0.4589193405410758,1,731,0.8978196975548804
Tin=Normal AND Tout=Cold AND Hin=Wet AND Solar=Low AND CO2=High AND Wind=Medium AND N=High AND W=2,Poor,0.3850184557265385,1,1613,0.9999999999901305
Tin=Normal AND Tout=Cold AND Hout=Wet AND L=High AND Solar=Low AND CO2=Low AND N=High AND W=1,Poor,0.3717294763636686,1,937,0.999999999997417
Tin=Normal AND Tout=Cold AND L=Low AND Solar=High AND CO2=Normal AND Wind=Medium AND E=High AND W=3,Acceptable,0.3748391371117122,1,674,0.9999999999982828
Tin=Normal AND Tout=Cold AND L=Low AND Solar=Normal AND Wind=Medium AND N=High AND E=High AND W=3,Acceptable,0.3408106900473823,2,1327,0.9999999999988852
Tin=Normal AND Tout=Cold AND L=Normal AND Solar=Low AND CO2=Normal AND Wind=Low AND E=High AND W=1,Poor,0.3633011884095368,1,1328,0.5211291168691775
Tin=Normal AND Tout=Cold AND L=Normal AND Solar=Low AND Wind=Medium AND N=High AND E=High AND W=1,Poor,0.408320779993541,1,1135,0.974724370936052
Tin=Normal AND Tout=Cold AND L=Normal AND Solar=Normal AND CO2=High AND Wind=Medium AND E=Normal AND W=3,Acceptable,0.3359938069819702,1,864,0.8012484569198932
Tin=Normal AND Tout=Cold AND L=Normal AND Solar=Normal AND Wind=Medium AND N=High AND E=Normal AND W=1,Acceptable,0.3753870824868233,1,1469,0.7555058637303802
Tin=Normal AND Tout=Cold AND Solar=Normal AND CO2=Normal AND Wind=Medium AND N=High AND E=Normal AND W=0,Acceptable,0.3358615688792827,1,976,0.9997268856098546
Tin=Normal AND Tout=Hot AND Hin=Normal AND Hout=Normal AND CO2=Normal AND Wind=Medium AND N=Low AND W=3,Good,0.512384419028719,1,700,0.6316093997046203
Tin=Normal AND Tout=Hot AND Hin=Normal AND Hout=Normal AND L=High AND CO2=Normal AND Wind=Medium AND W=0,Acceptable,0.3452661683448274,1,442,0.9958682847240276
Tin=Normal AND Tout=Hot AND Hin=Normal AND Hout=Normal AND L=Low AND Wind=Low AND E=Normal AND W=3,Good,0.3507347563302584,1,1312,0.5737693244649053
Tin=Normal AND Tout=Hot AND Hin=Normal AND Hout=Normal AND L=Normal AND CO2=Normal AND E=High AND W=1,Poor,0.3450539899924376,1,294,0.9636867702689704
Tin=Normal AND Tout=Hot AND Hin=Normal AND Hout=Normal AND Solar=Low AND CO2=Normal AND N=Normal AND W=2,Poor,0.3631843128762377,1,912,0.9999999999944538
Tin=Normal AND Tout=Hot AND Hin=Normal AND Hout=Normal AND Solar=Normal AND CO2=Low AND Wind=Medium AND W=0,Acceptable,0.4731800766283523,1,1463,0.9999763608973984
Tin=Normal AND Tout=Hot AND Hin=Normal AND L=Low AND CO2=Normal AND Wind=Low AND N=Low AND W=3,Acceptable,0.4170355346613648,1,230,0.7424954236732849
Tin=Normal AND Tout=Hot AND Hin=Normal AND Solar=Low AND CO2=Normal AND Wind=Medium AND N=Low AND W=1,Acceptable,0.3375917978902967,1,1412,0.982500252325107
Tin=Normal AND Tout=Hot AND Hin=Wet AND Hout=Wet AND CO2=Normal AND N=Normal AND E=Normal AND W=0,Acceptable,0.3874054137091191,1,1199,0.8089884771131753
Tin=Normal AND Tout=Hot AND Hin=Wet AND L=Low AND CO2=Normal AND Wind=Medium AND N=High AND W=3,Acceptable,0.3645635157819661,1,579,0.7644101088844675
Tin=Normal AND Tout=Hot AND Hout=Dry AND L=Low AND CO2=Normal AND N=High AND E=Normal AND W=3,Acceptable,0.4899497430038702,1,1337,0.9155585689612477
Tin=Normal AND Tout=Hot AND Hout=Normal AND L=Normal AND Solar=Low AND CO2=High AND Wind=Medium AND W=1,Poor,0.4067433179514725,1,1484,0.8997969222802379
Tin=Normal AND Tout=Hot AND L=Normal AND CO2=Normal AND Wind=Low AND N=Normal AND E=High AND W=0,Acceptable,0.3464116371370668,1,1196,0.9999999999957648
Tin=Normal AND Tout=Hot AND L=Normal AND Solar=Normal AND CO2=Normal AND Wind=Medium AND N=High AND W=3,Acceptable,0.5591142710885753,1,40,0.8631163149019677
Tin=Normal AND Tout=Normal AND Hin=Dry AND Hout=Dry AND L=Low AND Solar=Normal AND N=High AND W=3,Acceptable,0.3923019174869338,1,205,0.68847376755429
Tin=Normal AND Tout=Normal AND Hin=Dry AND Hout=Dry AND L=Normal AND CO2=Normal AND Wind=Low AND W=3,Acceptable,0.3497721201686074,1,1594,0.7005591999164078
Tin=Normal AND Tout=Normal AND Hin=Dry AND Hout=Dry AND L=Normal AND Solar=Normal AND Wind=Medium AND W=3,Acceptable,0.4242987343689692,1,1361,0.7734430800935231
Tin=Normal AND Tout=Normal AND Hin=Dry AND Hout=Dry AND Solar=Normal AND CO2=High AND Wind=Medium AND W=3,Acceptable,0.3340172444613759,1,90,0.8506528262055252
Tin=Normal AND Tout=Normal AND Hin=Dry AND L=Normal AND Solar=Normal AND Wind=Low AND N=Low AND W=3,Good,0.4210662091262731,1,1273,0.5425725554317422
Tin=Normal AND Tout=Normal AND Hin=Dry AND L=Normal AND Wind=Medium AND N=Normal AND E=Normal AND W=0,Acceptable,0.3825482238490393,1,1306,0.8732381267424582
Tin=Normal AND Tout=Normal AND Hin=Normal AND Hout=Normal AND CO2=Low AND Wind=Low AND N=Normal AND W=3,Good,0.3551860780336916,1,1465,0.7438018752813598
Tin=Normal AND Tout=Normal AND Hin=Normal AND Hout=Normal AND CO2=Normal AND Wind=Low AND N=Low AND W=3,Good,0.3455031700557361,1,1018,0.8898670314068786
Tin=Normal AND Tout=Normal AND Hin=Normal AND Hout=Normal AND CO2=Normal AND Wind=Medium AND N=Normal AND W=3,Good,0.5025138576093543,1,91,0.8289155393984116
Tin=Normal AND Tout=Normal AND Hin=Normal AND Hout=Normal AND L=Low AND Solar=Normal AND N=High AND W=3,Good,0.4376132192733561,1,67,0.8177777479691429
Tin=Normal AND Tout=Normal AND Hin=Normal AND Hout=Normal AND L=Low AND Solar=Normal AND Wind=Medium AND W=0,Good,0.3636290465109197,1,1268,0.0489027843828593
Tin=Normal AND Tout=Normal AND Hin=Normal AND Hout=Normal AND L=Normal AND CO2=Normal AND E=Normal AND W=1,Acceptable,0.3426501534668278,1,931,0.9084526044156828
Tin=Normal AND Tout=Normal AND Hin=Normal AND Hout=Normal AND L=Normal AND N=High AND E=Normal AND W=0,Acceptable,0.4954436652451001,1,186,0.9127779398666632
Tin=Normal AND Tout=Normal AND Hin=Normal AND Hout=Normal AND L=Normal AND Solar=Low AND N=Low AND W=1,Acceptable,0.3987043816830916,1,1438,0.7988571600387502
Tin=Normal AND Tout=Normal AND Hin=Normal AND Hout=Normal AND L=Normal AND Solar=Low AND Wind=Medium AND W=1,Acceptable,0.3435293512752956,1,1292,0.8604200761620449
Tin=Normal AND Tout=Normal AND Hin=Normal AND Hout=Normal AND L=Normal AND Solar=Normal AND N=High AND W=0,Acceptable,0.5069593354546714,1,79,0.8957582122220765
Tin=Normal AND Tout=Normal AND Hin=Normal AND Hout=Normal AND L=Normal AND Solar=Normal AND N=Low AND W=0,Acceptable,0.4519590963157094,1,855,0.861581267547023
Tin=Normal AND Tout=Normal AND Hin=Normal AND Hout=Normal AND L=Normal AND Solar=Normal AND Wind=High AND W=3,Acceptable,0.3340486122810033,1,1638,0.5291860683834226
Tin=Normal AND Tout=Normal AND Hin=Normal AND Hout=Normal AND L=Normal AND Solar=Normal AND Wind=Low AND W=0,Acceptable,0.537849790455871,1,94,0.9043467627693864
Tin=Normal AND Tout=Normal AND Hin=Normal AND Hout=Normal AND Solar=High AND CO2=Normal AND N=Low AND W=3,Good,0.3496676018962061,1,1288,0.9083649176835894
Tin=Normal AND Tout=Normal AND Hin=Normal AND Hout=Normal AND Solar=Low AND CO2=Normal AND N=High AND W=3,Good,0.4418383876238717,1,55,0.8278156826791603
Tin=Normal AND Tout=Normal AND Hin=Normal AND Hout=Normal AND Solar=Low AND Wind=Low AND N=Normal AND W=0,Acceptable,0.4132607972726363,1,942,0.8736854069775076
Tin=Normal AND Tout=Normal AND Hin=Normal AND Hout=Normal AND Solar=Low AND Wind=Medium AND E=Normal AND W=0,Acceptable,0.3970397095258814,1,766,0.9238999122326448
Tin=Normal AND Tout=Normal AND Hin=Normal AND Hout=Normal AND Solar=Normal AND CO2=Normal AND E=Normal AND W=0,Acceptable,0.3756522521488459,1,290,0.915407508603348
Tin=Normal AND Tout=Normal AND Hin=Normal AND Hout=Normal AND Solar=Normal AND CO2=Normal AND N=Low AND W=0,Acceptable,0.3737564837024441,1,1444,0.8812510597419156
Tin=Normal AND Tout=Normal AND Hin=Normal AND Hout=Normal AND Solar=Normal AND CO2=Normal AND Wind=Low AND W=0,Acceptable,0.424850859014744,1,1716,0.9348443351297872
Tin=Normal AND Tout=Normal AND Hin=Normal AND Hout=Normal AND Solar=Normal AND Wind=Low AND N=Low AND W=0,Acceptable,0.5336560397696294,1,35,0.8905697171546796
Tin=Normal AND Tout=Normal AND Hin=Normal AND Hout=Wet AND L=Normal AND CO2=Normal AND N=Normal AND W=3,Good,0.3564230681089367,1,1225,0.979489717139251
Tin=Normal AND Tout=Normal AND Hin=Normal AND Hout=Wet AND L=Normal AND N=Normal AND E=Normal AND W=1,Acceptable,0.3579240948071293,1,502,0.935909049953368
Tin=Normal AND Tout=Normal AND Hin=Normal AND Hout=Wet AND Solar=Normal AND CO2=Normal AND N=Low AND W=3,Good,0.365859995798298,1,371,0.6927136558592413
Tin=Normal AND Tout=Normal AND Hin=Normal AND Hout=Wet AND Solar=Normal AND Wind=Medium AND N=Normal AND W=3,Good,0.4246920257244984,1,32,0.9746471752147724
Tin=Normal AND Tout=Normal AND Hin=Normal AND L=Low AND Solar=High AND CO2=Low AND N=Low AND W=3,Good,0.3538728493723251,1,1190,0.8649850096964439
Tin=Normal AND Tout=Normal AND Hin=Normal AND L=Low AND Solar=High AND Wind=Low AND N=High AND W=3,Good,0.4948419555568636,1,232,0.9390686070812252
Tin=Normal AND Tout=Normal AND Hin=Wet AND Hout=Wet AND Solar=Normal AND CO2=Normal AND N=Normal AND W=3,Good,0.3657929613064965,1,378,0.4512402614169212
Tin=Normal AND Tout=Normal AND Hin=Wet AND L=High AND Solar=Low AND CO2=Normal AND Wind=Medium AND W=1,Acceptable,0.4624158033235351,1,809,0.8982096748603929
Tin=Normal AND Tout=Normal AND Hin=Wet AND L=Low AND Solar=High AND CO2=Normal AND N=Normal AND W=3,Good,0.4980319697206624,1,115,0.6486929565427568
Tin=Normal AND Tout=Normal AND Hin=Wet AND L=Normal AND CO2=Normal AND Wind=Medium AND E=Normal AND W=0,Acceptable,0.4367816091954026,1,692,0.9561999128076952
Tin=Normal AND Tout=Normal AND Hin=Wet AND L=Normal AND CO2=Normal AND Wind=Medium AND N=High AND W=0,Acceptable,0.3564955957541391,1,651,0.943985647854663
Tin=Normal AND Tout=Normal AND Hin=Wet AND L=Normal AND Solar=Normal AND CO2=Normal AND E=Normal AND W=0,Acceptable,0.3446142699520619,1,536,0.9596268707266716
Tin=Normal AND Tout=Normal AND Hin=Wet AND L=Normal AND Solar=Normal AND N=High AND E=Normal AND W=0,Acceptable,0.501283137053058,1,679,0.9366992434251068
Tin=Normal AND Tout=Normal AND Hin=Wet AND Solar=Normal AND CO2=Low AND Wind=Low AND N=Normal AND W=3,Good,0.4103776510123892,1,984,0.9999999999957824
Tin=Normal AND Tout=Normal AND Hout=Dry AND L=Low AND CO2=Normal AND N=High AND E=Low AND W=3,Good,0.3468304990162829,1,1408,0.6992215561428538
Tin=Normal AND Tout=Normal AND Hout=Normal AND CO2=Low AND Wind=Low AND N=High AND E=Normal AND W=3,Good,0.4211311864244541,1,226,0.5685845714236247
Tin=Normal AND Tout=Normal AND Hout=Normal AND CO2=Normal AND Wind=Medium AND N=Normal AND E=Low AND W=3,Good,0.414616877270726,1,57,0.8859760758574124
Tin=Normal AND Tout=Normal AND Hout=Normal AND L=Low AND CO2=Normal AND Wind=Medium AND N=Normal AND W=3,Good,0.4434724088944169,1,1634,0.8439696119061532
Tin=Normal AND Tout=Normal AND Hout=Normal AND L=Low AND Solar=High AND Wind=Medium AND N=High AND W=3,Good,0.4368203083690757,1,977,0.8426408224274049
Tin=Normal AND Tout=Normal AND Hout=Normal AND L=Low AND Solar=Normal AND Wind=Low AND N=Low AND W=3,Good,0.4617800855537544,1,549,0.7925468805897301
Tin=Normal AND Tout=Normal AND Hout=Normal AND L=Low AND Solar=Normal AND Wind=Medium AND N=High AND W=3,Good,0.4686791618690934,1,26,0.7762779976685323
Tin=Normal AND Tout=Normal AND Hout=Normal AND L=Low AND Solar=Normal AND Wind=Medium AND N=Normal AND W=3,Good,0.3579058006279982,1,1402,0.7977278462125865
Tin=Normal AND Tout=Normal AND Hout=Normal AND L=Normal AND Solar=Low AND N=Normal AND E=Normal AND W=3,Good,0.3933224402551551,1,1004,0.7282983796588128
Tin=Normal AND Tout=Normal AND Hout=Normal AND L=Normal AND Wind=Medium AND N=Low AND E=Normal AND W=0,Acceptable,0.4762130295702813,1,353,0.8692761021817541
Tin=Normal AND Tout=Normal AND Hout=Normal AND Solar=Low AND CO2=Low AND Wind=Medium AND N=Normal AND W=3,Good,0.3380039117080289,1,1615,0.9935549226450132
Tin=Normal AND Tout=Normal AND Hout=Normal AND Solar=Low AND CO2=Normal AND Wind=Medium AND N=Normal AND W=1,Acceptable,0.5632671583736434,1,1,0.9218866127093484
Tin=Normal AND Tout=Normal AND Hout=Wet AND L=Normal AND CO2=Low AND Wind=Medium AND E=Normal AND W=1,Acceptable,0.3688039477057019,1,85,0.8735058504134574
Tin=Normal AND Tout=Normal AND Hout=Wet AND L=Normal AND Solar=Low AND Wind=High AND N=Low AND W=2,Poor,0.3725259319006683,1,1390,0.9999999999989294
Tin=Normal AND Tout=Normal AND Hout=Wet AND L=Normal AND Solar=Low AND Wind=Medium AND N=Low AND W=1,Acceptable,0.3403606190136969,1,521,0.7845559103761517
Tin=Normal AND Tout=Normal AND Hout=Wet AND L=Normal AND Solar=Normal AND Wind=Medium AND N=Low AND W=0,Good,0.4337025984336971,1,237,0.5552440301045604
Tin=Normal AND Tout=Normal AND Hout=Wet AND Solar=Low AND CO2=Normal AND Wind=High AND E=Normal AND W=2,Poor,0.3582367550870698,1,899,0.986933101935362
Tin=Normal AND Tout=Normal AND L=High AND Solar=Low AND CO2=Normal AND Wind=High AND E=Normal AND W=1,Acceptable,0.3827951375873227,1,412,0.9453965961667364
Tin=Normal AND Tout=Normal AND L=High AND Solar=Low AND CO2=Normal AND Wind=Medium AND N=High AND W=1,Acceptable,0.434549265553478,1,1237,0.888726467462685
Tin=Normal AND Tout=Normal AND L=Low AND Solar=High AND CO2=High AND N=High AND E=Low AND W=3,Acceptable,0.3463925971506423,1,1307,0.7859676901219546
Tin=Normal AND Tout=Normal AND L=Low AND Solar=High AND CO2=Low AND N=Normal AND E=Low AND W=3,Good,0.3475282350566799,1,1085,0.5090739672771596
Tin=Normal AND Tout=Normal AND L=Low AND Solar=Normal AND CO2=Low AND Wind=Medium AND N=High AND W=3,Good,0.4821792295016776,1,140,0.6206978318574042
Tin=Normal AND Tout=Normal AND L=Normal AND CO2=Normal AND Wind=Low AND N=High AND E=Normal AND W=0,Acceptable,0.4257876975410842,1,835,0.9433096933227704
Tin=Normal AND Tout=Normal AND L=Normal AND Solar=High AND Wind=High AND N=Normal AND E=Normal AND W=3,Good,0.3439883638223555,1,1364,0.9898135781521704
Tin=Normal AND Tout=Normal AND L=Normal AND Solar=Low AND CO2=High AND Wind=High AND N=Low AND W=0,Acceptable,0.4904755630748939,1,1719,0.9999999999973714
Tin=Normal AND Tout=Normal AND L=Normal AND Solar=Low AND CO2=Normal AND Wind=Low AND E=Normal AND W=1,Acceptable,0.3797572838830175,1,1571,0.969531703996666
Tin=Normal AND Tout=Normal AND L=Normal AND Solar=Normal AND CO2=High AND Wind=Medium AND N=High AND W=3,Good,0.3367995002783866,1,209,0.6469184793605502
Tin=Normal AND Tout=Normal AND Solar=High AND CO2=Normal AND Wind=Low AND N=High AND E=Normal AND W=3,Good,0.3407833762409047,1,33,0.9185287658418324
Tin=Normal AND Tout=Normal AND Solar=Low AND CO2=Normal AND Wind=High AND N=Normal AND E=Normal AND W=2,Poor,0.3824171621692703,1,1372,0.6106408634926213
Tin=Normal AND Tout=Normal AND Solar=Low AND CO2=Normal AND Wind=Medium AND N=Normal AND E=Normal AND W=1,Acceptable,0.3952347715354725,2,431,0.9186441388426096
Tout=Cold AND Hin=Dry AND Hout=Dry AND L=Low AND CO2=Normal AND Wind=Low AND N=Low AND W=3,Acceptable,0.4467861918854097,1,165,0.9999999999989458
Tout=Cold AND Hin=Dry AND Hout=Dry AND Solar=Normal AND Wind=Medium AND N=High AND E=Normal AND W=3,Poor,0.3878316056909303,1,473,0.9964352870905716
Tout=Cold AND Hin=Normal AND Hout=Normal AND CO2=Normal AND Wind=Medium AND N=Low AND E=Normal AND W=1,Poor,0.3686622817774463,1,1275,0.8587302543166342
Tout=Cold AND Hin=Normal AND Hout=Normal AND L=Normal AND Wind=Medium AND N=Low AND E=Normal AND W=3,Good,0.5439939089233604,1,1277,0.4516598890449407
Tout=Cold AND Hin=Normal AND L=Normal AND Solar=Low AND Wind=Medium AND N=Low AND E=High AND W=2,Poor,0.3943772158369219,1,249,0.9999999999959222
Tout=Cold AND Hin=Normal AND L=Normal AND Solar=Low AND Wind=Medium AND N=Low AND E=Normal AND W=1,Acceptable,0.4443555484014547,1,1610,0.3768887625710192
Tout=Cold AND Hin=Normal AND L=Normal AND Solar=Low AND Wind=Medium AND N=Normal AND E=Normal AND W=2,Poor,0.3441228095847664,1,1734,0.9999999999933176
Tout=Cold AND Hin=Normal AND L=Normal AND Solar=Normal AND CO2=Normal AND Wind=Low AND N=Normal AND W=3,Acceptable,0.3589991962569709,1,725,0.9348837043938456
Tout=Cold AND Hin=Normal AND L=Normal AND Solar=Normal AND CO2=Normal AND Wind=Medium AND E=Normal AND W=3,Acceptable,0.3592448803249207,1,1548,0.6391070653341016
Tout=Cold AND Hin=Wet AND Hout=Wet AND L=Normal AND Wind=Medium AND N=High AND E=High AND W=1,Poor,0.5158918431924724,1,1080,0.9999999999981825
Tout=Cold AND Hin=Wet AND Hout=Wet AND Solar=Low AND CO2=Normal AND Wind=Medium AND E=Normal AND W=1,Acceptable,0.3449277883849789,1,555,0.4731143216653536
Tout=Cold AND Hin=Wet AND Solar=Normal AND CO2=Normal AND Wind=Medium AND N=High AND E=Normal AND W=3,Acceptable,0.4679701210246036,1,528,0.5869068589116266
Tout=Cold AND Hout=Normal AND L=Normal AND Solar=Low AND CO2=Normal AND Wind=Medium AND E=High AND W=1,Poor,0.3471002686724181,1,650,0.9457998209315912
Tout=Cold AND L=High AND Solar=Low AND CO2=Normal AND Wind=Medium AND N=Normal AND E=High AND W=3,Acceptable,0.3340985334799966,1,319,0.9999999999964818
Tout=Cold AND L=Normal AND Solar=Low AND CO2=Normal AND Wind=High AND N=Low AND E=Normal AND W=1,Acceptable,0.3805548283738545,1,131,0.9639151925784524
Tout=Hot AND Hin=Dry AND L=Low AND CO2=High AND Wind=Medium AND N=Normal AND E=Normal AND W=3,Acceptable,0.3721919356847017,1,1502,0.9972925237246416
Tout=Hot AND Hin=Dry AND L=Normal AND CO2=Normal AND Wind=Low AND N=Low AND E=Normal AND W=3,Acceptable,0.3885355754067188,1,1125,0.9500568970013532
Tout=Hot AND Hin=Normal AND Hout=Normal AND L=Low AND Solar=High AND N=Normal AND E=High AND W=3,Poor,0.6128459588116193,1,1158,0.8691663993598369
Tout=Hot AND Hin=Normal AND Hout=Normal AND L=Normal AND Solar=Normal AND CO2=Normal AND E=High AND W=3,Poor,0.4889323383650509,1,733,0.2892708863009833
Tout=Hot AND Hin=Normal AND Hout=Normal AND Solar=Normal AND CO2=Low AND N=High AND E=Normal AND W=3,Acceptable,0.5578261240236508,1,1326,0.8724857152895049
Tout=Hot AND Hin=Normal AND L=Normal AND CO2=High AND Wind=Medium AND N=Low AND E=High AND W=0,Poor,0.3653408849894689,1,1529,0.9999999999915604
Tout=Hot AND Hin=Normal AND L=Normal AND CO2=Normal AND Wind=Low AND N=High AND E=High AND W=3,Acceptable,0.5831948101783274,1,1298,0.9999999999985736
Tout=Hot AND Hin=Normal AND L=Normal AND Solar=Normal AND Wind=Medium AND N=Low AND E=Normal AND W=0,Acceptable,0.4684427821997357,1,1415,0.9782850862636332
Tout=Hot AND Hin=Wet AND Hout=Wet AND L=Low AND Solar=High AND Wind=Medium AND E=Normal AND W=3,Acceptable,0.4345017183286493,1,789,0.7778023267675382
Tout=Hot AND Hout=Normal AND L=Low AND CO2=Normal AND Wind=Low AND N=Normal AND E=Normal AND W=3,Good,0.5368437979785395,1,39,0.5876627526306419
Tout=Hot AND Hout=Normal AND Solar=High AND CO2=Normal AND Wind=Medium AND N=Low AND E=Normal AND W=3,Acceptable,0.4163248417602238,1,538,0.6299514110482648
Tout=Hot AND L=High AND Solar=Low AND CO2=Normal AND Wind=Low AND N=Low AND E=Normal AND W=1,Acceptable,0.3442577567246339,1,200,0.9999999999909556
Tout=Hot AND L=Normal AND Solar=Normal AND CO2=High AND Wind=Low AND N=Low AND E=Normal AND W=3,Acceptable,0.3870041311340071,1,167,0.8481846552869924
Tout=Normal AND Hin=Dry AND Hout=Dry AND L=High AND Solar=Low AND CO2=Normal AND Wind=Low AND W=0,Poor,0.449814108654158,1,506,0.9999999999961974
Tout=Normal AND Hin=Dry AND Hout=Dry AND L=Low AND Solar=High AND CO2=Normal AND N=Normal AND W=3,Acceptable,0.3618546661362809,1,137,0.572796917042209
Tout=Normal AND Hin=Dry AND Hout=Dry AND L=Low AND Solar=High AND CO2=Normal AND Wind=Medium AND W=3,Acceptable,0.4035198216615709,1,361,0.7701657760600985
Tout=Normal AND Hin=Dry AND Hout=Dry AND L=Low AND Solar=High AND N=Low AND E=Low AND W=3,Acceptable,0.3726719458721603,1,1057,0.966533100560352
Tout=Normal AND Hin=Dry AND Hout=Dry AND L=Low AND Solar=High AND Wind=Low AND N=High AND W=3,Poor,0.4050857730345154,1,1491,0.9763161752813566
Tout=Normal AND Hin=Dry AND Hout=Normal AND Solar=High AND CO2=Normal AND Wind=Medium AND N=High AND W=3,Acceptable,0.3970974730769768,1,64,0.6675157027295513
Tout=Normal AND Hin=Dry AND L=Normal AND Solar=Low AND Wind=Medium AND N=Low AND E=Normal AND W=0,Acceptable,0.3970630205936714,1,1501,0.8699737128148253
Tout=Normal AND Hin=Normal AND Hout=Normal AND CO2=High AND Wind=Low AND N=High AND E=Normal AND W=3,Acceptable,0.364608602469564,1,148,0.6841000868322572
Tout=Normal AND Hin=Normal AND Hout=Normal AND CO2=High AND Wind=Medium AND N=Low AND E=Normal AND W=0,Acceptable,0.3915516367488048,1,564,0.9871804610002808
Tout=Normal AND Hin=Normal AND Hout=Normal AND CO2=Normal AND Wind=Low AND N=Low AND E=Low AND W=0,Acceptable,0.3647504669849548,1,1737,0.8426762048616605
Tout=Normal AND Hin=Normal AND Hout=Normal AND L=High AND Solar=Low AND CO2=Normal AND N=Normal AND W=3,Good,0.4059565595871064,1,1024,0.3651509947787863
Tout=Normal AND Hin=Normal AND Hout=Normal AND L=High AND Solar=Low AND Wind=Low AND E=Normal AND W=1,Poor,0.4349970882665966,1,957,0.267662398430599
Tout=Normal AND Hin=Normal AND Hout=Normal AND L=Low AND Solar=High AND CO2=Low AND N=Low AND W=3,Good,0.3491774718992305,1,422,0.8204068181933475
Tout=Normal AND Hin=Normal AND Hout=Normal AND L=Low AND Solar=High AND CO2=Normal AND Wind=Medium AND W=3,Acceptable,0.3663374991757354,1,1223,0.1760705336433643
Tout=Normal AND Hin=Normal AND Hout=Normal AND L=Low AND Solar=High AND Wind=Medium AND E=Normal AND W=3,Acceptable,0.3589396618773308,1,247,0.2146894340130143
Tout=Normal AND Hin=Normal AND Hout=Normal AND L=Low AND Solar=Normal AND CO2=High AND E=Normal AND W=3,Good,0.4291243397866405,1,1191,0.3530399773869114
Tout=Normal AND Hin=Normal AND Hout=Normal AND L=Low AND Solar=Normal AND Wind=Medium AND E=Normal AND W=0,Acceptable,0.3336318219877726,1,914,0.9291250928695698
Tout=Normal AND Hin=Normal AND Hout=Normal AND L=Normal AND CO2=High AND Wind=Medium AND N=Low AND W=1,Poor,0.4518898575128481,1,1054,0.8833184095177731
Tout=Normal AND Hin=Normal AND Hout=Normal AND L=Normal AND CO2=Low AND Wind=Low AND N=High AND W=0,Acceptable,0.4035394289104909,1,1011,0.8376105159712314
Tout=Normal AND Hin=Normal AND Hout=Normal AND L=Normal AND CO2=Normal AND Wind=Low AND N=Low AND W=3,Acceptable,0.5122352274154782,1,43,0.2325969912427727
Tout=Normal AND Hin=Normal AND Hout=Normal AND L=Normal AND CO2=Normal AND Wind=Medium AND E=Normal AND W=0,Acceptable,0.496007838349821,1,184,0.8507494893641259
Tout=Normal AND Hin=Normal AND Hout=Normal AND L=Normal AND CO2=Normal AND Wind=Medium AND N=Low AND W=0,Acceptable,0.3758974823864719,1,561,0.82403899989174
Tout=Normal AND Hin=Normal AND Hout=Normal AND L=Normal AND Solar=Low AND CO2=Normal AND N=High AND W=3,Acceptable,0.3431637535390204,1,1433,0.2921135890121554
Tout=Normal AND Hin=Normal AND Hout=Normal AND L=Normal AND Solar=Low AND CO2=Normal AND Wind=Medium AND W=0,Acceptable,0.3729990124214276,1,551,0.8665256544112689
Tout=Normal AND Hin=Normal AND Hout=Normal AND L=Normal AND Solar=Normal AND CO2=High AND N=Low AND W=0,Acceptable,0.3632753844801106,1,869,0.9669140837019652
Tout=Normal AND Hin=Normal AND Hout=Normal AND L=Normal AND Solar=Normal AND CO2=High AND Wind=High AND W=3,Acceptable,0.439519102898844,1,377,0.7942576636235219
Tout=Normal AND Hin=Normal AND Hout=Normal AND L=Normal AND Solar=Normal AND CO2=Low AND Wind=High AND W=0,Acceptable,0.3699130774993178,1,1522,0.999999999996776
Tout=Normal AND Hin=Normal AND Hout=Normal AND L=Normal AND Solar=Normal AND CO2=Normal AND Wind=Low AND W=3,Acceptable,0.3906960938119228,1,876,0.2590473558281659
Tout=Normal AND Hin=Normal AND Hout=Normal AND L=Normal AND Solar=Normal AND Wind=Low AND E=Normal AND W=0,Acceptable,0.5277784423141226,1,476,0.8811931167383962
Tout=Normal AND Hin=Normal AND Hout=Normal AND Solar=Low AND Wind=High AND N=High AND E=Normal AND W=1,Acceptable,0.3707742765373833,1,1269,0.9870746026710504
Tout=Normal AND Hin=Normal AND Hout=Normal AND Solar=Normal AND CO2=Normal AND Wind=Medium AND N=High AND W=0,Acceptable,0.4009397375116383,1,631,0.8286710833611654
Tout=Normal AND Hin=Normal AND Hout=Normal AND Solar=Normal AND CO2=Normal AND Wind=Medium AND N=High AND W=3,Good,0.645674513315935,1,162,0.6548038941939337
Tout=Normal AND Hin=Normal AND Hout=Normal AND Solar=Normal AND Wind=Medium AND N=Normal AND E=Normal AND W=3,Acceptable,0.429304835241572,1,1377,0.3459498115076937
Tout=Normal AND Hin=Normal AND Hout=Wet AND L=Normal AND CO2=Low AND Wind=Low AND N=Normal AND W=1,Acceptable,0.3796232658854366,1,1702,0.9999999999821376
Tout=Normal AND Hin=Normal AND Hout=Wet AND Solar=Normal AND CO2=Normal AND Wind=Medium AND N=Low AND W=0,Acceptable,0.3656827626219132,1,65,0.6906284776606655
Tout=Normal AND Hin=Normal AND L=Low AND Solar=High AND CO2=Normal AND Wind=Medium AND N=High AND W=3,Acceptable,0.3535439189234088,1,1294,0.2716603007351106
Tout=Normal AND Hin=Normal AND L=Low AND Solar=Normal AND Wind=Low AND N=Normal AND E=Low AND W=3,Acceptable,0.3573926108238344,1,753,0.1683744420582624
Tout=Normal AND Hin=Normal AND L=Normal AND Solar=Low AND CO2=Low AND Wind=Low AND E=Normal AND W=1,Acceptable,0.4367816091954026,1,1747,0.8968326026230862
Tout=Normal AND Hin=Normal AND L=Normal AND Solar=Low AND CO2=Normal AND N=Low AND E=Low AND W=1,Poor,0.3841460819097087,1,1672,0.1880961045743016
Tout=Normal AND Hin=Normal AND L=Normal AND Solar=Normal AND CO2=Normal AND Wind=Low AND N=Normal AND W=3,Acceptable,0.4034373928847319,1,1542,0.2522199405246523
Tout=Normal AND Hin=Wet AND Hout=Wet AND L=High AND Solar=Low AND Wind=High AND N=Normal AND W=2,Poor,0.5141977680480637,1,1133,0.9999999999973606
Tout=Normal AND Hin=Wet AND Hout=Wet AND L=Normal AND CO2=Normal AND N=High AND E=Normal AND W=1,Acceptable,0.5438239049271246,1,281,0.8383701373282179
Tout=Normal AND Hin=Wet AND Hout=Wet AND Solar=Low AND Wind=Medium AND N=High AND E=Normal AND W=1,Poor,0.3374458864457998,1,1032,0.1843069149806846
Tout=Normal AND Hin=Wet AND Solar=Normal AND CO2=High AND Wind=Medium AND N=High AND E=Normal AND W=0,Acceptable,0.4143788402948688,1,1540,0.9999999999975951
Tout=Normal AND Hout=Dry AND L=Low AND Solar=Normal AND CO2=Normal AND N=High AND E=Normal AND W=3,Good,0.5418409526246499,1,562,0.585227458911435
Tout=Normal AND Hout=Normal AND L=Low AND Solar=High AND CO2=Normal AND Wind=Low AND N=Low AND W=3,Good,0.4151215321757957,1,1680,0.7511585247457456
Tout=Normal AND Hout=Normal AND L=Low AND Solar=High AND CO2=Normal AND Wind=Medium AND N=High AND W=3,Good,0.4367816091954026,1,13,0.768251183705242
Tout=Normal AND Hout=Normal AND L=Normal AND CO2=Low AND Wind=Low AND N=High AND E=Normal AND W=0,Acceptable,0.3625879235956171,1,843,0.8693299807851186
Tout=Normal AND Hout=Normal AND L=Normal AND Solar=Normal AND CO2=Normal AND Wind=Medium AND N=Low AND W=0,Acceptable,0.39906384151264,1,693,0.8541511501648335
Tout=Normal AND Hout=Normal AND L=Normal AND Solar=Normal AND Wind=Medium AND N=Low AND E=Low AND W=3,Acceptable,0.4264606582051746,1,1062,0.2124342208920066
Tout=Normal AND Hout=Normal AND Solar=Low AND CO2=Low AND Wind=Medium AND N=Low AND E=Low AND W=3,Acceptable,0.4000482548455739,1,1098,0.9993797220734602
Tout=Normal AND Hout=Normal AND Solar=Low AND CO2=Normal AND Wind=Low AND N=High AND E=Normal AND W=1,Acceptable,0.4023392705302985,1,340,0.9844823863757134
Tout=Normal AND Hout=Normal AND Solar=Normal AND CO2=Low AND Wind=Medium AND N=High AND E=Normal AND W=3,Acceptable,0.3996490743423658,1,146,0.6660711368200513
Tout=Normal AND Hout=Wet AND L=High AND Solar=Low AND CO2=Normal AND Wind=Medium AND N=Low AND W=1,Acceptable,0.4672843768588228,1,194,0.6606990172981949
Tout=Normal AND Hout=Wet AND L=Normal AND Solar=Low AND CO2=Normal AND Wind=Medium AND N=Low AND W=1,Acceptable,0.474096253463761,2,1171,0.7534975358658489
Tout=Normal AND Hout=Wet AND L=Normal AND Solar=Low AND Wind=High AND N=High AND E=High AND W=1,Poor,0.4520460535557682,1,457,0.9999999999968104
Tout=Normal AND Hout=Wet AND L=Normal AND Solar=Normal AND CO2=Normal AND Wind=Medium AND E=Low AND W=1,Acceptable,0.3634698511031784,1,872,0.7161910603608292
Tout=Normal AND Hout=Wet AND Solar=Low AND CO2=Normal AND Wind=High AND N=Low AND E=Normal AND W=2,Poor,0.3388375583624839,1,238,0.9999999999985408
Tout=Normal AND L=High AND Solar=Low AND CO2=High AND Wind=Medium AND N=Normal AND E=Normal AND W=1,Poor,0.3366187393165028,1,1015,0.9156059404999632
Tout=Normal AND L=Normal AND Solar=Normal AND CO2=Normal AND Wind=Low AND N=Normal AND E=Normal AND W=0,Acceptable,0.4615800962520739,1,370,0.9662724552668284
Tout=Normal AND L=Normal AND Solar=Normal AND CO2=Normal AND Wind=Medium AND N=High AND E=Normal AND W=0,Acceptable,0.3786405027296186,1,126,0.8045769951309911
Tout=Normal AND L=Normal AND Solar=Normal AND CO2=Normal AND Wind=Medium AND N=High AND E=Normal AND W=3,Good,0.4030365171843675,1,959,0.620423833444674
